{"cameraMode":{"drawMode":0,"name":"Shaded","section":"Shading Mode"},"sceneLighting":false,"audioPlay":false,"sceneViewState":{"m_AlwaysRefresh":false,"showFog":true,"showSkybox":false,"showFlares":true,"showImageEffects":true,"showParticleSystems":true,"showVisualEffectGraphs":true,"m_FxEnabled":true},"in2DMode":false,"pivot":{"x":0.0021834373474121095,"y":0.8893490433692932,"z":-0.0066249072551727299},"rotation":{"x":-0.2382802963256836,"y":-0.17766010761260987,"z":0.044421494007110599,"w":-0.9538354873657227},"size":1.3155062198638917,"orthographic":false}