{"cameraMode":{"drawMode":0,"name":"Shaded","section":"Shading Mode"},"sceneLighting":true,"audioPlay":false,"sceneViewState":{"m_AlwaysRefresh":false,"showFog":true,"showSkybox":true,"showFlares":true,"showImageEffects":true,"showParticleSystems":true,"showVisualEffectGraphs":true,"m_FxEnabled":true},"in2DMode":false,"pivot":{"x":-10.494486808776856,"y":1.3029241561889649,"z":5.169713020324707},"rotation":{"x":0.29683706164360049,"y":-0.02807524800300598,"z":0.008730254136025906,"w":0.9544882774353027},"size":8.26317310333252,"orthographic":false}