{"cameraMode":{"drawMode":0,"name":"Shaded","section":"Shading Mode"},"sceneLighting":true,"audioPlay":false,"sceneViewState":{"m_AlwaysRefresh":false,"showFog":true,"showSkybox":true,"showFlares":true,"showImageEffects":true,"showParticleSystems":true,"showVisualEffectGraphs":true,"m_FxEnabled":true},"in2DMode":false,"pivot":{"x":57.91984558105469,"y":9.612680435180664,"z":-5.458940029144287},"rotation":{"x":0.16600215435028077,"y":-0.11891540139913559,"z":0.02016347460448742,"w":0.9787344932556152},"size":0.3608633577823639,"orthographic":false}