{"cameraMode":{"drawMode":0,"name":"Shaded","section":"Shading Mode"},"sceneLighting":true,"audioPlay":false,"sceneViewState":{"m_AlwaysRefresh":false,"showFog":true,"showSkybox":true,"showFlares":true,"showImageEffects":true,"showParticleSystems":true,"showVisualEffectGraphs":true,"m_FxEnabled":true},"in2DMode":false,"pivot":{"x":7.334128379821777,"y":0.95880126953125,"z":3.190889835357666},"rotation":{"x":0.3381182551383972,"y":0.021732404828071595,"z":-0.0078099132515490059,"w":0.940829336643219},"size":11.475305557250977,"orthographic":false}