{"cameraMode":{"drawMode":0,"name":"Shaded","section":"Shading Mode"},"sceneLighting":true,"audioPlay":false,"sceneViewState":{"m_AlwaysRefresh":false,"showFog":true,"showSkybox":true,"showFlares":true,"showImageEffects":true,"showParticleSystems":true,"showVisualEffectGraphs":true,"m_FxEnabled":true},"in2DMode":false,"pivot":{"x":-8.00990104675293,"y":2.93442440032959,"z":3.5762484073638918},"rotation":{"x":-0.013398055918514729,"y":-0.8294922113418579,"z":0.019921286031603814,"w":-0.5580649971961975},"size":0.09862799942493439,"orthographic":false}